{
    "name": "cosmos",
    "type": "flogo:function",
    "version": "0.0.1",
    "title": "cosmosdb functions",
    "description": "cosmosdb functions",
    "functions": [{
        "name": "cosmosdbAuthToken",
        "description": "Returns authorization token for Azure Cosmos DB",
        "example": "cosmosdb.cosmosdbAuthToken(\"get\",\"dbs/demodb/colls/democoll/docs\",\"Thu, 09 Jul 2020 16:54:37 GMT\",\"0ejqFuQrwF2xgUamnTYud3RFYIMXbq7kaTj0ysU0b9Z83X8IY710UInJIqxRbqJQlHBPbjaWTb3aBdrGDpya2w==\") => type%3Dmaster%26ver%3D1.0%26sig%3DJKjpNXODvUbkjnXsbyrJVekAcSX0jKnPXduEhDjG%2FDU%3D",
        "args": [{
            "name": "verb",
            "type": "string"
          },
          {
            "name": "requestURI",
            "type": "string"
          },
          {
            "name": "utc",
            "type": "string"
          },
          {
            "name": "masterKey",
            "type": "string"
          }
        ],
        "return": {
          "type": "string"
        }
      }
    ]
  }